device,trust
109add024082,0.9821717494781704
60fb42079082,0.9821189039749202
7073cb088663,0.9819896083244806
cc08e0135330,0.9821444518171389
0026bb009459,0.9821881628018623
0017ca002224,0.9819662754462267
00254b007370,0.9821274038843218
0c6076020248,0.9483125369168992
e0f847148859,0.9819037095747519
109add024312,0.981841927281331
7c11be096603,0.981989567817387
7cc537098703,0.9817229059104844
28e02c043055,0.9818267548775429
88308a102837,0.9822060910254262
542696068150,0.9817864439774155
040cce014434,0.9811102706023554
68a86d083601,0.9817376263883872
88c663104604,0.9817547988655416
6021c0076506,0.9817616089733129
28e02c042984,0.9815672035381486
182032029674,0.9821275560708038
147dc5026866,0.9822440957796205
64b9e8081196,0.9817689064244123
8c7b9d106646,0.9816308721957049
40a6d9056065,0.981855068569804
f0b479155600,0.9819479596919861
64b9e8081167,0.9819574661680763
286aba041402,0.9817760256719771
28e02c043509,0.981804358398319
f81edf161137,0.9820179961957616
8c7b9d106410,0.9819527178169742
88c663104592,0.982121763219373
28e02c043588,0.9813468403078504
50465d063961,0.9818743277188007
705681088302,0.9818121655206613
00242b006680,0.9686014544109759
90840d109338,0.9823047616115061
148fc6028097,0.9819737190482251
88c663104770,0.9819630125820669
44d884059645,0.9819221688253078
109add024039,0.9823077489569694
b8c75d126917,0.9821525519959148
147dc5026954,0.9818547992312788
7073cb088467,0.981819798677963
44d884059748,0.9816456773792089
e4b021150223,0.9806833040372128
6c3e6d085221,0.9824605324974738
3c438e052183,0.9818048611673181
f0b479155516,0.9818886168078383
9803d8111568,0.9817130084669621
3085a9045469,0.982082405820799
001de0003331,0.9817578442577131
a8fad8122072,0.981853072108714
d49a20139413,0.9822694452504754
cc08e0134790,0.9816802938105097
6021c0076502,0.9818410431880451
dc2b61144989,0.9820850774526686
f81edf161641,0.9816697229145791
44d884059740,0.9819218421339644
182032030322,0.9819649768421247
8c7b9d106420,0.9816202157796952
0c74c2021359,0.9817813491231291
206432038945,0.9820576316051494
5c5948074075,0.9821785776842913
283737041212,0.9818734557794465
e0f847148902,0.9819101746525541
cc08e0135137,0.9821728038570998
7c6d62097654,0.982119175130314
88c663104858,0.9818456190992793
5855ca070213,0.9823838928689461
182032029989,0.9817603375064773
286aba041309,0.9822590240630598
fc253f163210,0.9819112174395553
e0f847148105,0.98210772225079
e0f847149151,0.9818020379291313
842999100759,0.9822298893597992
28e02c042733,0.9820767434116411
cc08e0136067,0.9819470666713276
88c663104655,0.9820208536520171
e80688151598,0.9817688467300533
145a05025821,0.9820146256770343
f0b479155562,0.9820634950261716
b8c75d126800,0.9821115050577631
98d6bb114806,0.982214309167988
a00bba118148,0.9819076574982386
2002af036879,0.982206156757678
980c82112733,0.9820618191865779
109add024303,0.9826518154425359
d83062139891,0.9820111404877216
0c74c2021221,0.9820097388634336
d49a20139461,0.982290769946844
980c82113165,0.9817062594883817
7c11be096991,0.9817978810620938
5c0a5b072221,0.981692452511962
d89e3f142438,0.9810268318875752
206432039443,0.9822554096860743
a0f450118887,0.9822762486778435
206432038423,0.9822471734243122
0026b0009120,0.9816996171360367
e0f847148097,0.9819977090241776
5855ca070231,0.9823272284473025
98d6bb114799,0.981789351016528
0c715d020376,0.981687810732016
a826d9120693,0.9811675543626394
b8c75d126696,0.9820338907856639
d83062140043,0.9820297605400597
24ab81040129,0.9819192782240133
4860bc060610,0.982047944798944
109add023983,0.9821776106902373
842999100730,0.9818272893238169
0026b0009117,0.9819245721179567
1c4bd6034849,0.9522459704837741
145a05025319,0.9821925467608685
045453016567,0.9817772830229561
3451c9046918,0.9823305872460582
28987b041642,0.9822398274622028
7c6d62097684,0.9818469638334585
28cfe9042367,0.9816765807422306
5c5948074152,0.9817766887910931
b8ff61127536,0.9821187514420577
581faa069082,0.9819099948387751
002608007987,0.9821329177049322
1040f3023247,0.9817676124343501
24ab81040210,0.9818670840189629
189efc033126,0.982028393148882
88c663104717,0.9819234771754556
e4ce8f150404,0.9822703226638684
145a05026365,0.9820286181088588
bc6778129778,0.9819847479410097
58b035070633,0.9818618633385818
e4ce8f150857,0.9817655858371642
6c3e6d085592,0.9818935505845277
64b9e8081145,0.9824272865857607
90840d109077,0.9819879678407809
8c7b9d106470,0.9822704399952523
d05162137743,0.9821933152226423
148fc6027565,0.981978718313208
206432039465,0.9818940383493193
283737041087,0.9822801309240683
5c5948074143,0.9822336646405505
6c3e6d085428,0.9822242256726302
cc08e0136143,0.9821251872440515
980c82112898,0.982004383845543
f0b479155459,0.9822496010443232
182032030279,0.9822115209115875
7cc537098812,0.9821070544510744
f0b479155543,0.9818454781134128
6cc26b086879,0.9821103461909232
4860bc060176,0.9816097413985151
b8c75d126841,0.9817509563944099
fc253f162845,0.9823229685870337
6c3e6d085793,0.9815806483708285
6c3e6d084735,0.9821734798215723
7cc537099172,0.9821756673082427
205476037762,0.98156257090264
206432038760,0.9818045996382911
581faa069211,0.9820241781795794
a07591118678,0.9826114349249502
50465d063918,0.9816273220097282
0c771a022438,0.9818344054982218
e80688151451,0.9820092412248279
d8a25e143230,0.9821756673810476
145a05025960,0.9814133828489758
f0b479155340,0.981699921814069
bcb1f3130520,0.9817530145740633
14109f025044,0.9817788428662303
040cce014637,0.9820711884427834
283737041027,0.9820903415264741
206432039373,0.9820604318059911
40a6d9056412,0.9808108519142906
040cce014507,0.9821849815245757
18e7f4034555,0.9819837454181548
206432039488,0.9818495920276259
3ce072054010,0.9816330026197827
206432038948,0.9819399044375067
1093e9023590,0.9821179791532686
28cfda042319,0.9818129250710037
50ead6065435,0.9818059150933911
581faa068942,0.9820090428639734
5855ca070177,0.9819686434219382
e80688151346,0.9820391349048899
7073cb088531,0.98179052716476
9803d8111454,0.9820332188874809
5cb524075681,0.9816913707470345
e0f847149220,0.9818335724204206
cc08e0135180,0.9820186703088241
b8c75d126723,0.9818261002366172
f0b479155307,0.9820750727811772
7073cb088616,0.982260114829184
002332005862,0.9822834348143816
cc08e0135581,0.9820438291899053
e80688151355,0.9819134363826678
4860bc060434,0.9818608483846585
206432038990,0.9818947412401274
145a05025549,0.9818042713724636
6c3e6d085739,0.9819829665575726
64b9e8080954,0.9816417214015449
00254b007356,0.9820126450018479
50465d064006,0.98223145367787
50ead6065693,0.9818021753691895
206432038564,0.9821465559014094
50465d064003,0.9818598948506673
fca13e163292,0.9814885557265727
18e7f4034374,0.9820878754276297
542696067628,0.9819137183061748
d05162137978,0.9817547867578621
189efc033405,0.9821120977597547
283737041196,0.9822352573347788
b8c75d126600,0.9816183434379304
c8bcc8134163,0.9817375207437139
147dc5026692,0.9821156163093334
148fc6028175,0.9811823389888688
b8c75d127016,0.9823006734054054
6c3e6d084974,0.9820616915461775
e0cb1d148049,0.9817869536031683
2002af036963,0.98197827078765
7073cb088646,0.9817790086783856
a00bba118221,0.981898165389468
d83062140066,0.9817810839028659
145a05026408,0.981877155154821
ac3c0b122441,0.9816857802667326
4860bc061174,0.9820058642006363
5c5948074078,0.9817201392198261
4860bc060294,0.9817763659458898
4860bc060561,0.9816675027343967
40d32d058016,0.9821457850297214
88c663105256,0.9817224032620137
f81edf161174,0.9816832863688365
0026bb009423,0.9819488041605587
002436006914,0.9819250875636627
705681087979,0.9817753298815283
980c82112376,0.9822012027500387
b8c75d126951,0.9823152773505158
f81edf161120,0.9821293221072134
5855ca070166,0.9820833485572537
20c9d0039859,0.981914578209574
206432038574,0.9820846353717082
88c663104694,0.9818446418871482
58b035070589,0.9819071881288834
a0f450118979,0.9814936266656817
044665015679,0.9822010758904722
78e400096203,0.9668480983760701
40a6d9055768,0.9822136509810765
189efc033148,0.9821476174675151
d89e3f142933,0.9820991799657229
7c11be096541,0.9821067635425756
24ab81040524,0.9818049622313615
4860bc060285,0.9820329370631421
8cfaba107299,0.9820676518858882
18e7f4034630,0.9821366256843125
0c74c2021555,0.9820054236525526
c09f42131267,0.9820773096405059
0c74c2021129,0.9817965865606608
d8b12a143417,0.9819026045192072
0c771a022437,0.9819845114066458
044665015689,0.9817555492968347
705681088265,0.9817474892223753
002500007232,0.9824048962723295
8c7b9d106449,0.9824553657745551
18e7f4034552,0.9820950301220159
041e64015206,0.9822487066821972
f0b479155380,0.982285126715246
c8bcc8134135,0.9820321834891985
4860bc060546,0.9820875793532077
d05162137790,0.981482298031103
78ca39095287,0.9817972395250193
d89e3f141808,0.9816558196598265
182032030284,0.9820875060630795
00c610013213,0.981982598254729
28cfda042252,0.9818293321203955
7c11be096586,0.9821191629439348
d05162137940,0.98191078865416
00254b007373,0.9818199986723317
78ca39095219,0.982238846413979
64b9e8080502,0.9817996734104297
3085a9045488,0.9817595552424768
980c82113377,0.9820819851226208
50465d063922,0.9821734167096988
18e7f4034501,0.9816767815742566
28e02c043107,0.982137395403511
e80688151209,0.9819687257703096
9027e4108753,0.9821723069873657
74e2f5091043,0.982212579330147
7073cb088655,0.9817813272342962
182032030188,0.982262652230153
74e2f5091079,0.9819043344660094
68a86d083595,0.9817728851010256
88c663104807,0.981954249885126
40a6d9055545,0.9821599178036635
cc08e0135993,0.9824425442027133
14109f024710,0.9819503431206194
00c610013244,0.9818438309819996
109add024242,0.9820814690550174
64b9e8081364,0.9818408953374785
d89e3f141843,0.9818094005404172
b8c68e126417,0.9821369281190999
38e7d8051604,0.9817625896190738
40a6d9055840,0.982331125306563
40a6d9055716,0.9819564634334788
4860bc060484,0.9822618064680149
64b9e8081093,0.9823708483722859
28cfda042139,0.9821640946399973
6c3e6d085240,0.9819973516896703
a4d1d2119743,0.9817713145401344
b8c75d126788,0.9819013179078615
5c5948074179,0.9822275483397944
0c74c2020590,0.9817952392055381
28cc01041822,0.9818020952543487
f0b479155504,0.9823583688697499
542696068081,0.9821560424580217
d89e3f142786,0.982183559093284
18002d029354,0.9816942980454239
5855ca070195,0.9823193378506931
5c0a5b071785,0.9822159523253405
044665015904,0.981823877473412
7073cb088949,0.9819053231950715
002608008050,0.9814858169028963
b8c75d126709,0.981525992319787
b8c75d126944,0.9820741013087272
40a6d9056254,0.9813929818122398
182032029988,0.9818596238571323
60fb42079053,0.9817224545757276
64b9e8081411,0.9820078893337187
206432038293,0.9818080664818029
6c3e6d084771,0.981855217757609
9027e4108893,0.9814382068427354
e80688151529,0.9821140690662452
18e7f4034532,0.9819115694531393
7c11be097311,0.9818873777193028
64b9e8081377,0.9818877539089955
5c5948074042,0.9823295215010511
842999100760,0.9817237784534747
f81edf161485,0.9822808626913078
d487d8139187,0.9821811638388495
f0b479155321,0.9822386818580301
88c663104493,0.982076475262224
9027e4108731,0.9821932419382741
60334b077189,0.9817786374962003
a00bba118171,0.9821834035767885
0007ab000227,0.9815834630447486
283737040898,0.9821919567615548
f0b479155563,0.9818657148180638
b065bd123568,0.981953692911734
206432039554,0.9818090967620539
283737041108,0.9816555893527352
0c74c2020983,0.9816986341380287
842999100645,0.9818418923978018
4c8d79062488,0.9817403487727785
00c610013292,0.98198095310955
00c610013127,0.9823967975235373
5c95ae074827,0.9820738506853002
a80600120206,0.9821062224017296
14109f024765,0.9821479004293969
50465d064015,0.9821440132306483
28e02c043097,0.9821301673100417
9803d8111521,0.9822423819480431
0018de002323,0.9818451608381792
98d6bb115244,0.9820890807038535
c8bcc8134188,0.9820962051246076
206432039281,0.9822179059050986
fcc734163480,0.9814982432351823
88c663104855,0.9823739878757493
28e7cf043999,0.9822248803470793
980c82112551,0.9808824336793248
a826d9120514,0.9820877682894504
28e02c043150,0.9811909026884942
002314005809,0.9820258092717209
705681088211,0.9821609889666381
7073cb088606,0.982128538982002
148fc6027536,0.9817773869309396
206432038820,0.9816988813753671
4cbca5063449,0.9818123496390981
7073cb088480,0.9820494908556895
00254b007355,0.9822611532043486
b88d12126250,0.981794329804939
283737041182,0.982308052253797
041e64014898,0.9818908601368169
182032029979,0.9820677509698464
88c663104589,0.9821449083358109
7073cb088811,0.9819916394687381
d89e3f141864,0.9820258922676941
64b9e8081108,0.9822567948944624
18e7f4034285,0.9821815743029774
109add023924,0.9818713843624877
40d32d057960,0.9820166078158432
189efc032998,0.9815107231282179
041e64015465,0.9823217127934771
845181101283,0.9817564248480647
18e7f4034295,0.9815932364572459
88c663104649,0.9821957534984448
206432039135,0.9821308339859838
9803d8111772,0.9817647055143428
18002d029364,0.9819649789794328
88c663104884,0.9821223435026368
705681088316,0.9817550864342085
7c11be096320,0.9818972102860546
9803d8111430,0.9820422805984056
e0f847148861,0.9821622016731428
6cc26b086510,0.9820483082060381
3ce072054005,0.9817772810743526
044665016096,0.9822635230385319
d83062139994,0.9823123371566896
d8d1cb143637,0.9819471677705911
283737041150,0.9820657483430816
286aba041406,0.9819294206458579
6c3e6d085893,0.9812963826885815
98d6bb114732,0.9818079264294244
4860bc061215,0.9813883226879889
40a6d9055925,0.9819964369283785
0c6076020246,0.9024009405936343
50465d063925,0.9818475293402006
50465d063954,0.9822555410195506
40a6d9055324,0.9821641803507182
60fb42079093,0.9822936375978303
442a60058271,0.9822191142519948
5855ca070222,0.9817803453743331
980c82113235,0.9820045235086574
205476037693,0.9822297535380943
7c11be096981,0.9821124492547179
403004054942,0.9820736930781697
5c5948074037,0.9820935140014633
705681087996,0.9821056008253959
7073cb088546,0.981860936823388
a4d1d2119622,0.9816762471926926
7073cb088612,0.981952847558519
041e64015158,0.9821462645142729
206432038931,0.9819705946286037
980c82113346,0.9821512698187279
18e7f4034483,0.9819105109424378
d8a25e143145,0.9817412714148862
e80688151313,0.982096723938563
040cce014370,0.9820888423172996
148fc6027589,0.9821633416266631
c8bcc8134207,0.9817845718622022
5001bb063827,0.98211678681419
0016d4001817,0.9818583467368724
109add024153,0.9824294626626664
206432038606,0.9819388486774208
6c3e6d085679,0.982035957836929
7073cb088497,0.9819044479747226
64b9e8080485,0.9820768915429101
f0b479155462,0.9821348487137235
705681088268,0.9822116848479023
0026b0008988,0.9822168210237975
c8bcc8134113,0.9821167357361171
00c610013398,0.9818432426471809
6c3e6d084938,0.9817122277596917
0016d4001819,0.9817080575706375
7073cb088534,0.9818209544174121
5c5948074127,0.9817725603436008
50465d063927,0.981785071892254
e80688151584,0.9818954280946415
00c610013180,0.9821379778892098
842999100621,0.9822476607641456
18002d029353,0.9819911052733641
50ead6066179,0.9814495140212844
c86000133602,0.9817412714148862
58b035070579,0.9819105043073815
14dae9028827,0.9819676547677351
e0f847149257,0.981748466994804
7073cb088570,0.9818011240840506
109add024159,0.982139750272268
60fb42079063,0.9820504294369865
206432038681,0.982062519354621
9471ac110490,0.9817945654724749
145a05025500,0.9821104987183802
88c663104708,0.9818501399648484
189efc032996,0.9817918392440739
18e7f4034348,0.9818457491171554
7073cb088761,0.9820420499992315
0c74c2020552,0.9822158248860451
c8bcc8134186,0.981475771799009
cc08e0135669,0.9822111201795045
88c663104856,0.9820822556533868
148fc6028076,0.9822377514299313
88c663104926,0.9822137717395438
34159e046616,0.9819994452067969
206432039517,0.982146890033113
78a3e4093412,0.9822923844623508
7cc3a1097977,0.981769425673559
182032029703,0.9821082426165331
0026bb009383,0.9817690725777658
64b9e8081078,0.9821572334445894
50465d063920,0.9821340005070012
28e7cf044049,0.9821257831008291
00c610013241,0.9820985173892779
0026e8009740,0.9816369242957557
5c5948073967,0.9816874339909566
f04f7c154998,0.9822152212670416
d89e3f141957,0.981907402737866
0c74c2021343,0.9818902521610245
f0b479155274,0.9818947048944263
b8c75d126883,0.9822541788381848
283737041117,0.9823339578965289
6c3e6d085731,0.9819762028038418
c8aa21134037,0.981780301662838
f0b479155552,0.9822332554108293
705681088058,0.9819037808833049
206432038597,0.9819817775042681
18e7f4034545,0.9818406212997105
